No. of threads,Ground Template (s), Boundary Distance (s)
1.000000000000000000e+00,6.275100800598738537e+00,8.930764301202724909e+00
2.000000000000000000e+00,4.865660969796590685e+00,4.471304143400629982e+00
4.000000000000000000e+00,3.576147473504533991e+00,2.249336692300857976e+00
8.000000000000000000e+00,2.959348618204239667e+00,1.227818075200775683e+00
1.600000000000000000e+01,2.710637559799943030e+00,7.013548969000111821e-01
3.200000000000000000e+01,2.678048459300771178e+00,3.720282341004349513e-01
6.400000000000000000e+01,3.681923358002677560e+00,3.643636940978467464e-01
