# A	slope	intercept	r_square	r_value	p_value	std_err
7.550873963638086828e+00	-8.107751421094187005e-01	2.021663313334891576e+00	9.749765971972004230e-01	-9.874090323656151691e-01	3.393641106978067412e-05	5.808868038708648457e-02
